model,K,quarter,train_start,train_end,eval_start,eval_end,universe_size,assets_dropped,coverage_threshold,train_length_days,TE_annual_insample,TE_annual_oos,information_ratio_oos,sharpe_ratio_oos,max_drawdown_te_oos,portfolio_return_oos,benchmark_return_oos,tracking_difference,asset_active_share,sector_active_share,n_eff_absolute,diversification_norm,turnover,composition_stability,avg_weight_stability,retained_fraction,assets_added,assets_removed,execution_time,solver_gap,solver_optimal
Stratified,50,2024-Q2,2022-03-28,2024-03-28,2024-04-01,2024-06-30,459,0,0.9,504,0.019294389330172898,0.028611831308379927,,2.3367154706431568,-0.008806476208651923,0.05775037709844044,0.039230328961985084,0.018520048136455358,0.528018393229277,0.16166660313451747,32.50963709682568,0.6501927419365136,0.20787754212309462,1.0,0.8960612289384526,1.0,0,0,0.2758007049560547,,
Stratified_sector,50,2024-Q2,2022-03-28,2024-03-28,2024-04-01,2024-06-30,459,0,0.9,504,0.027419037733661018,0.027375771792519665,,2.4883882284934913,-0.010331175347634008,0.06496461077878246,0.039230328961985084,0.025734281816797377,0.5517629223748151,0.048004564270286994,26.032756060890545,0.5206551212178109,0.19403966415626345,1.0,0.9029801679218683,1.0,0,0,0.36803722381591797,,
MarketCap,50,2024-Q2,2022-03-28,2024-03-28,2024-04-01,2024-06-30,459,0,0.9,504,0.020011860466674098,0.02802661307117464,,2.1204214617406376,-0.010900705618748157,0.05073116500667507,0.039230328961985084,0.011500836044689988,0.5226670273801393,0.16803781085986041,31.327210484382014,0.6265442096876402,0.20720338654027762,1.0,0.8963983067298612,1.0,0,0,0.18012142181396484,,
MarketCap_sector,50,2024-Q2,2022-03-28,2024-03-28,2024-04-01,2024-06-30,459,0,0.9,504,0.02259274384400605,0.027550291240239826,,2.2738139456342603,-0.01015508946324963,0.055866844946917515,0.039230328961985084,0.016636515984932432,0.5335630454619913,0.05715982716399654,29.391110552917812,0.5878222110583562,0.217571703233289,1.0,0.8912141483833556,1.0,0,0,0.3329939842224121,,
Contribution,50,2024-Q2,2022-03-28,2024-03-28,2024-04-01,2024-06-30,459,0,0.9,504,0.03872769800954051,0.05185924433709986,,0.7645742487340589,-0.03466335280065789,0.01799011648879012,0.039230328961985084,-0.021240212473194964,0.7629540175224246,0.3758247815852661,13.22654323384694,0.2645308646769388,0.5518786098769035,0.88,0.7240606950615482,0.88,6,6,0.16728520393371582,,
Contribution_sector,50,2024-Q2,2022-03-28,2024-03-28,2024-04-01,2024-06-30,459,0,0.9,504,0.05293312876518042,0.05593391401546915,,1.38367036775978,-0.031125735621080418,0.03726170158020792,0.039230328961985084,-0.001968627381777166,0.8173462149180215,0.206415794269827,11.362633738043456,0.22725267476086913,0.9942571902086222,0.88,0.5028714048956888,0.88,6,6,0.25663280487060547,,
LASSO,50,2024-Q2,2022-03-28,2024-03-28,2024-04-01,2024-06-30,459,0,0.9,504,0.012768574815001594,0.027285630318403406,,1.3905582178802334,-0.015473031100098553,0.033637289275987525,0.039230328961985084,-0.005593039685997558,0.6261079341219404,0.1686641681108089,34.3891077293335,0.68778215458667,0.9898413024077989,0.5,0.5050793487961005,0.5,25,25,4.673945426940918,,
LASSO_sector,50,2024-Q2,2022-03-28,2024-03-28,2024-04-01,2024-06-30,459,0,0.9,504,0.01783160893193488,0.02740727088694278,,1.526961784140976,-0.011692740229384019,0.0378473400501973,0.039230328961985084,-0.0013829889117877858,0.6230532691231708,0.05836539808036001,30.664793958005873,0.6132958791601175,1.1291437919827614,0.5,0.4354281040086193,0.5,25,25,4.67546010017395,,
MIQP_Gurobi,50,2024-Q2,2022-03-28,2024-03-28,2024-04-01,2024-06-30,459,0,0.9,504,0.014051860714695613,0.027062110078505536,,2.4255928035982954,-0.01003750182854364,0.05958780834666211,0.039230328961985084,0.020357479384677024,0.562296299424677,0.12529126172863567,34.669268967334986,0.6933853793466997,1.1045892231735384,0.46,0.4477053884132308,0.46,27,27,21.596702575683594,0.004811974608740944,True
Layered,50,2024-Q2,2022-03-28,2024-03-28,2024-04-01,2024-06-30,459,0,0.9,504,0.014871855528851799,0.029645026211036124,,2.410901369985057,-0.008888122762446288,0.057872060237445844,0.039230328961985084,0.01864173127546076,0.585161569789994,0.05058215885554629,35.655202921913244,0.7131040584382649,0.8561764670191956,0.6,0.5719117664904022,0.6,20,20,14.680551528930664,0.004956771047381683,True
Stratified,75,2024-Q2,2022-03-28,2024-03-28,2024-04-01,2024-06-30,459,0,0.9,504,0.01499966267105252,0.029315111073170193,,2.0292224693903496,-0.011185347778885342,0.04888090909292253,0.039230328961985084,0.009650580130937447,0.46890730591137825,0.14372773241071082,40.98017313151673,0.5464023084202231,0.22673997641238908,1.0,0.8866300117938055,1.0,0,0,0.506464958190918,,
Stratified_sector,75,2024-Q2,2022-03-28,2024-03-28,2024-04-01,2024-06-30,459,0,0.9,504,0.017694229375539314,0.02856960154345976,,2.1083750086789483,-0.009962881140510612,0.05116293591987442,0.039230328961985084,0.011932606957889336,0.4846523585210937,0.047623980743072954,38.03491273718566,0.5071321698291421,0.22287027301205212,1.0,0.8885648634939739,1.0,0,0,0.7570431232452393,,
MarketCap,75,2024-Q2,2022-03-28,2024-03-28,2024-04-01,2024-06-30,459,0,0.9,504,0.014920291419184366,0.025058335813249757,,2.292988852437002,-0.007271810736572555,0.05614673891408217,0.039230328961985084,0.01691640995209709,0.485725923685369,0.1279083285164594,41.83257515883654,0.5577676687844872,0.267147324797107,1.0,0.8664263376014465,1.0,0,0,0.43691444396972656,,
MarketCap_sector,75,2024-Q2,2022-03-28,2024-03-28,2024-04-01,2024-06-30,459,0,0.9,504,0.0168110521175861,0.025600892026822277,,2.336293067419363,-0.007933027453271511,0.05596325818653147,0.039230328961985084,0.01673292922454639,0.4758662026202124,0.052340962600690544,41.9824491659536,0.5597659888793813,0.28711643535945397,1.0,0.856441782320273,1.0,0,0,0.728839635848999,,
Contribution,75,2024-Q2,2022-03-28,2024-03-28,2024-04-01,2024-06-30,459,0,0.9,504,0.03491188216980083,0.0479441537885176,,0.5107523405857565,-0.03721719769754646,0.01145942809840328,0.039230328961985084,-0.027770900863581804,0.7358228204997492,0.34486687800149673,15.134265628365512,0.20179020837820683,0.6114912654944706,0.88,0.6942543672527647,0.88,9,9,0.4401860237121582,,
Contribution_sector,75,2024-Q2,2022-03-28,2024-03-28,2024-04-01,2024-06-30,459,0,0.9,504,0.054128446026906855,0.05501470486241162,,0.6224403110727504,-0.03593471659849563,0.015956722606811802,0.039230328961985084,-0.023273606355173282,0.7746381965262656,0.11424943028042465,12.369545941881503,0.1649272792250867,0.929368669205463,0.88,0.5353156653972685,0.88,9,9,0.6971817016601562,,
LASSO,75,2024-Q2,2022-03-28,2024-03-28,2024-04-01,2024-06-30,459,0,0.9,504,0.009546629332164169,0.02829669110104937,,1.6430232257589668,-0.01812093702941652,0.03906605442125999,0.039230328961985084,-0.00016427454072509562,0.5675904797535635,0.13748045247412766,43.477887317296215,0.5797051642306162,0.9424943398680441,0.52,0.528752830065978,0.52,36,36,4.979120254516602,,
LASSO_sector,75,2024-Q2,2022-03-28,2024-03-28,2024-04-01,2024-06-30,459,0,0.9,504,0.0132908984685943,0.028960175398846287,,1.838196727668633,-0.01530314888436011,0.04348870979901753,0.039230328961985084,0.004258380837032449,0.5639722513537959,0.053365417441608304,40.037283050968,0.5338304406795733,0.9978295373597305,0.52,0.5010852313201348,0.52,36,36,5.548683404922485,,
MIQP_Gurobi,75,2024-Q2,2022-03-28,2024-03-28,2024-04-01,2024-06-30,459,0,0.9,504,0.01093699936137299,0.030317671285421996,,1.4100992941213513,-0.021848811596904872,0.03290482744230894,0.039230328961985084,-0.006325501519676147,0.5399865864419509,0.16534279861580364,45.99538894546099,0.6132718526061465,0.7669875061953454,0.6933333333333334,0.6165062469023272,0.6933333333333334,23,23,4.169579982757568,0.0020869323329041635,True
Layered,75,2024-Q2,2022-03-28,2024-03-28,2024-04-01,2024-06-30,459,0,0.9,504,0.014299326837529689,0.03042502228856384,,2.1032374274642676,-0.011525926882585328,0.050229214138369116,0.039230328961985084,0.010998885176384032,0.5447801382099351,0.04880009332850828,38.656041940360595,0.5154138925381413,1.0386616237174824,0.52,0.4806691881412588,0.52,36,36,10.270582437515259,0.004341241385306893,True
Stratified,100,2024-Q2,2022-03-28,2024-03-28,2024-04-01,2024-06-30,459,0,0.9,504,0.012329062864801621,0.026568713101828068,,1.9806542054244434,-0.010196770574512355,0.047837582424183456,0.039230328961985084,0.008607253462198372,0.45125372489117027,0.1396175418533479,47.79037724723945,0.47790377247239446,0.33227771280472,1.0,0.83386114359764,1.0,0,0,0.5900280475616455,,
Stratified_sector,100,2024-Q2,2022-03-28,2024-03-28,2024-04-01,2024-06-30,459,0,0.9,504,0.014458867624727383,0.025564830661426438,,1.9538363137101054,-0.00973204587230261,0.047443744624474427,0.039230328961985084,0.008213415662489343,0.4782569977662777,0.0507805995753327,42.837951655029684,0.4283795165502968,0.3040317440197043,1.0,0.8479841279901479,1.0,0,0,1.0276377201080322,,
MarketCap,100,2024-Q2,2022-03-28,2024-03-28,2024-04-01,2024-06-30,459,0,0.9,504,0.012514158743321114,0.02610705837378036,,1.828300229448098,-0.011654033394305915,0.04362009391004862,0.039230328961985084,0.004389764948063535,0.4513334689826982,0.12975466078593093,52.48280839121274,0.5248280839121274,0.29783371182891794,1.0,0.8510831440855411,1.0,0,0,0.6110227108001709,,
MarketCap_sector,100,2024-Q2,2022-03-28,2024-03-28,2024-04-01,2024-06-30,459,0,0.9,504,0.014235969580797512,0.026221834215856565,,1.9240856694146133,-0.012078653997150184,0.045371270843149736,0.039230328961985084,0.006140941881164652,0.4637583998765876,0.052342879600741334,49.07088910856059,0.49070889108560595,0.35758697960521035,1.0,0.8212065101973949,1.0,0,0,1.0419895648956299,,
Contribution,100,2024-Q2,2022-03-28,2024-03-28,2024-04-01,2024-06-30,459,0,0.9,504,0.03184759132986968,0.046008447912075506,,0.8448349354695301,-0.028165125165130995,0.01987726587651828,0.039230328961985084,-0.019353063085466804,0.7190422673936371,0.35139389991655173,18.099013060686545,0.18099013060686545,0.416851768244179,0.91,0.7915741158779105,0.91,9,9,0.6039321422576904,,
Contribution_sector,100,2024-Q2,2022-03-28,2024-03-28,2024-04-01,2024-06-30,459,0,0.9,504,0.05039326480188305,0.057299677414364605,,1.1023852510160004,-0.022144712775708168,0.029834773266587344,0.039230328961985084,-0.00939555569539774,0.7816595771560919,0.11424943028042468,14.157686956865357,0.14157686956865356,0.6391895147417089,0.91,0.6804052426291456,0.91,9,9,0.8259506225585938,,
LASSO,100,2024-Q2,2022-03-28,2024-03-28,2024-04-01,2024-06-30,459,0,0.9,504,0.008224750180767926,0.029948649920741352,,1.3938252442815016,-0.018956321249759767,0.03283350695000631,0.039230328961985084,-0.0063968220119787755,0.5408422681149796,0.1376913436367805,49.60099572994883,0.49600995729948827,0.8314876123379042,0.55,0.5842561938310479,0.55,45,45,5.645027160644531,,
LASSO_sector,100,2024-Q2,2022-03-28,2024-03-28,2024-04-01,2024-06-30,459,0,0.9,504,0.011612819385420454,0.029712420199320126,,1.59846748102284,-0.014964524669196759,0.03803836892994217,0.039230328961985084,-0.0011919600320429158,0.5495868048406795,0.05134075650667897,43.718593145095745,0.43718593145095747,0.8673058295644971,0.55,0.5663470852177515,0.55,45,45,5.93757176399231,,
MIQP_Gurobi,100,2024-Q2,2022-03-28,2024-03-28,2024-04-01,2024-06-30,459,0,0.9,504,0.013207343225884223,0.0320850154097145,,1.8465637727931652,-0.01210845483170727,0.043317262868838524,0.039230328961985084,0.0040869339068534405,0.5378842320856017,0.13928489825946322,45.76003726609573,0.45760037266095727,0.6130055678269517,0.76,0.6934972160865241,0.76,24,24,3.2846839427948,0.004031364339671279,True
Layered,100,2024-Q2,2022-03-28,2024-03-28,2024-04-01,2024-06-30,459,0,0.9,504,0.013685575678675265,0.0312030027974582,,2.112039018296788,-0.012224469765315833,0.04865851307583591,0.039230328961985084,0.009428184113850824,0.5354871674410734,0.04925431192627564,44.066838426724686,0.44066838426724686,0.7015537204156519,0.77,0.649223139792174,0.77,23,23,6.916661024093628,0.003822809389489124,True
Stratified,125,2024-Q2,2022-03-28,2024-03-28,2024-04-01,2024-06-30,459,0,0.9,504,0.010757999570463977,0.026185616437346102,,1.9636802173895818,-0.011303358080004579,0.0477522730422959,0.039230328961985084,0.008521944080310817,0.4455389306855346,0.1396953397110653,52.27497468868531,0.4181997975094825,0.3794510062893552,1.0,0.8102744968553224,1.0,0,0,0.764228343963623,,
Stratified_sector,125,2024-Q2,2022-03-28,2024-03-28,2024-04-01,2024-06-30,459,0,0.9,504,0.013010853387755124,0.024704179288336573,,2.039551487056443,-0.010597476054156407,0.049584972579182374,0.039230328961985084,0.01035464361719729,0.46291944918120076,0.05251899566737598,49.199700984466574,0.3935976078757326,0.3771392871188936,1.0,0.8114303564405532,1.0,0,0,1.0556914806365967,,
MarketCap,125,2024-Q2,2022-03-28,2024-03-28,2024-04-01,2024-06-30,459,0,0.9,504,0.010811041801639453,0.026996655513968862,,1.9919857565603638,-0.010406116878713588,0.0472783263947012,0.039230328961985084,0.008047997432716114,0.43494291907800886,0.1308673347031104,56.00290407647128,0.44802323261177024,0.36383703990916705,1.0,0.8180814800454165,1.0,0,0,0.7219526767730713,,
MarketCap_sector,125,2024-Q2,2022-03-28,2024-03-28,2024-04-01,2024-06-30,459,0,0.9,504,0.012715598006376692,0.02683004701800592,,2.0775598649828497,-0.009111225892862595,0.04900501747525188,0.039230328961985084,0.009774688513266794,0.4501836332470916,0.05133812082299627,53.46477483018059,0.4277181986414447,0.4066964780272733,1.0,0.7966517609863634,1.0,0,0,1.3952219486236572,,
Contribution,125,2024-Q2,2022-03-28,2024-03-28,2024-04-01,2024-06-30,459,0,0.9,504,0.028732700763974835,0.04377662491705509,,1.0855611212004521,-0.020861691180474685,0.025823407366106554,0.039230328961985084,-0.01340692159587853,0.7005950914382886,0.279851356978919,20.899779547971132,0.16719823638376904,0.5490770349132397,0.928,0.7254614825433802,0.928,9,9,0.8103935718536377,,
Contribution_sector,125,2024-Q2,2022-03-28,2024-03-28,2024-04-01,2024-06-30,459,0,0.9,504,0.041949920647697786,0.04938890904940444,,1.417958731016309,-0.01843032127972757,0.0371370408836178,0.039230328961985084,-0.0020932880783672836,0.7288830153680106,0.07414888711526448,18.466313299216882,0.14773050639373506,0.824340304630726,0.928,0.587829847684637,0.928,9,9,1.2290456295013428,,
LASSO,125,2024-Q2,2022-03-28,2024-03-28,2024-04-01,2024-06-30,459,0,0.9,504,0.00749102366478854,0.029181118036260546,,1.4868141780823663,-0.017566491193772023,0.03514292963702581,0.039230328961985084,-0.004087399324959273,0.526136933325632,0.13923669796574,52.65186259728512,0.42121490077828094,0.8068131297279569,0.576,0.5965934351360216,0.576,53,53,6.506863117218018,,
LASSO_sector,125,2024-Q2,2022-03-28,2024-03-28,2024-04-01,2024-06-30,459,0,0.9,504,0.011878085054451738,0.029340772078985177,,1.66723953639994,-0.016646364492998514,0.03946962170021484,0.039230328961985084,0.00023929273822975716,0.5386529044951809,0.05074895758718211,45.48875315122364,0.3639100252097891,0.8223166504974789,0.576,0.5888416747512606,0.576,53,53,6.493159770965576,,
MIQP_Gurobi,125,2024-Q2,2022-03-28,2024-03-28,2024-04-01,2024-06-30,459,0,0.9,504,0.0105142876918183,0.028301447137427726,,1.4761577067839562,-0.01632221411058386,0.034715849589053605,0.039230328961985084,-0.004514479372931479,0.5034767937055654,0.12575051623380235,51.81520308030195,0.4145216246424156,0.6723415973335949,0.776,0.6638292013332026,0.776,28,28,3.3578455448150635,0.0021162057916055094,True
Layered,125,2024-Q2,2022-03-28,2024-03-28,2024-04-01,2024-06-30,459,0,0.9,504,0.01184795877078987,0.02927429868778743,,1.675423647652224,-0.014430259637357069,0.039023962859636496,0.039230328961985084,-0.00020636610234858743,0.5271248522099004,0.04968753270395467,49.25537858731566,0.3940430286985253,0.6631177672692756,0.792,0.6684411163653622,0.792,26,26,6.926527500152588,0.0023625637284462545,True
Stratified,150,2024-Q2,2022-03-28,2024-03-28,2024-04-01,2024-06-30,459,0,0.9,504,0.009532796049211345,0.026379569224043605,,1.7969547971711428,-0.013196047081601568,0.04283420702379126,0.039230328961985084,0.003603878061806176,0.4190597936312933,0.1322518514746715,57.225557421099936,0.38150371614066625,0.40846835412939964,1.0,0.7957658229353002,1.0,0,0,0.9234755039215088,,
Stratified_sector,150,2024-Q2,2022-03-28,2024-03-28,2024-04-01,2024-06-30,459,0,0.9,504,0.01160928827448595,0.025735321474847996,,1.9167575102385668,-0.01167957612806265,0.045619385664310785,0.039230328961985084,0.006389056702325702,0.43152434051394906,0.04979631027265984,53.87992776016696,0.359199518401113,0.412184629587658,1.0,0.793907685206171,1.0,0,0,1.4721579551696777,,
MarketCap,150,2024-Q2,2022-03-28,2024-03-28,2024-04-01,2024-06-30,459,0,0.9,504,0.009768690160649459,0.0255818795350513,,1.9500527392589804,-0.009130786381414466,0.046539729930078044,0.039230328961985084,0.007309400968092961,0.4065185887207695,0.1311573704561362,57.93133251925646,0.38620888346170973,0.41359674050605144,1.0,0.7932016297469743,1.0,0,0,0.8611834049224854,,
MarketCap_sector,150,2024-Q2,2022-03-28,2024-03-28,2024-04-01,2024-06-30,459,0,0.9,504,0.01175294728696897,0.026013349542236577,,2.04176109334897,-0.008877037667993764,0.04875842606479952,0.039230328961985084,0.009528097102814437,0.4314875735974844,0.051682323814738904,54.351795291053996,0.36234530194035997,0.40131674703969455,1.0,0.7993416264801527,1.0,0,0,1.332564353942871,,
Contribution,150,2024-Q2,2022-03-28,2024-03-28,2024-04-01,2024-06-30,459,0,0.9,504,0.02669805565229769,0.04218770197931749,,1.1622605447413688,-0.018115930756961295,0.028057901849813494,0.039230328961985084,-0.01117242711217159,0.6981964421421475,0.28167146484440236,24.345529246240375,0.16230352830826916,0.34598806556913286,0.9533333333333334,0.8270059672154335,0.9533333333333334,7,7,0.9997799396514893,,
Contribution_sector,150,2024-Q2,2022-03-28,2024-03-28,2024-04-01,2024-06-30,459,0,0.9,504,0.03428775824422163,0.039928542858037444,,1.0168733604248787,-0.01666076590409607,0.0250840015533067,0.039230328961985084,-0.014146327408678383,0.698975290452984,0.07354289042935552,23.9202651357386,0.15946843423825732,0.3641349509617298,0.9533333333333334,0.8179325245191351,0.9533333333333334,7,7,1.6389970779418945,,
LASSO,150,2024-Q2,2022-03-28,2024-03-28,2024-04-01,2024-06-30,459,0,0.9,504,0.007292270267628352,0.029443441414969834,,1.4503885410987123,-0.018078953376777656,0.03418678433208955,0.039230328961985084,-0.0050435446298955355,0.4875441781303731,0.13435830687267497,55.074320137422184,0.36716213424948124,0.7720351047589948,0.6066666666666667,0.6139824476205026,0.6066666666666667,59,59,7.423147916793823,,
LASSO_sector,150,2024-Q2,2022-03-28,2024-03-28,2024-04-01,2024-06-30,459,0,0.9,504,0.010334958922272668,0.028794850034485477,,1.7898764604886415,-0.013670139727997216,0.04185951850310299,0.039230328961985084,0.0026291895411179045,0.5029423608787361,0.050401288435744804,51.00682721179236,0.34004551474528244,0.8557784387290888,0.6066666666666667,0.5721107806354556,0.6066666666666667,59,59,7.964956045150757,,
MIQP_Gurobi,150,2024-Q2,2022-03-28,2024-03-28,2024-04-01,2024-06-30,459,0,0.9,504,0.011398496758638785,0.02551174052305953,,1.3858017612709406,-0.014936006232417757,0.03285599970023645,0.039230328961985084,-0.006374329261748635,0.5161934134458552,0.14047537801038054,50.06688129451431,0.3337792086300954,0.7523692117700429,0.72,0.6238153941149785,0.72,42,42,3.992933511734009,0.00262219802631015,True
Layered,150,2024-Q2,2022-03-28,2024-03-28,2024-04-01,2024-06-30,459,0,0.9,504,0.012598975182621607,0.027179630684445674,,1.6982762287487814,-0.013137116722501077,0.039739086927048195,0.039230328961985084,0.0005087579650631113,0.5178200691833307,0.0520953534826154,48.42120534582085,0.32280803563880567,0.6636022026166597,0.6933333333333334,0.6681988986916702,0.6933333333333334,46,46,6.888934373855591,0.002829148359577229,True
Stratified,175,2024-Q2,2022-03-28,2024-03-28,2024-04-01,2024-06-30,459,0,0.9,504,0.009094559469744714,0.026305704509477564,,1.6794381591719882,-0.013411389420549244,0.0397034302702759,0.039230328961985084,0.0004731013082908131,0.4068242277761104,0.13076349605860116,57.9380012179934,0.33107429267424804,0.45935043280481797,1.0,0.770324783597591,1.0,0,0,1.1458075046539307,,
Stratified_sector,175,2024-Q2,2022-03-28,2024-03-28,2024-04-01,2024-06-30,459,0,0.9,504,0.011239308722120839,0.025811715610610186,,1.8740924149420943,-0.011586834494978817,0.04423833984153491,0.039230328961985084,0.005008010879549829,0.42750725428239633,0.04941026678556947,54.61633100706806,0.3120933200403889,0.4462214789741789,1.0,0.7768892605129105,1.0,0,0,1.9516689777374268,,
MarketCap,175,2024-Q2,2022-03-28,2024-03-28,2024-04-01,2024-06-30,459,0,0.9,504,0.009195588747805622,0.025915534630882968,,1.8403710389441261,-0.012654769723663133,0.04408523870136527,0.039230328961985084,0.0048549097393801866,0.41000223010332454,0.13275275245615878,58.14526687766341,0.33225866787236236,0.45717149761817755,1.0,0.7714142511909112,1.0,0,0,1.1042096614837646,,
MarketCap_sector,175,2024-Q2,2022-03-28,2024-03-28,2024-04-01,2024-06-30,459,0,0.9,504,0.011175281867485162,0.026098153533602737,,1.9127713878430497,-0.012942006938956084,0.045515996628163524,0.039230328961985084,0.0062856676661784405,0.42693186289397367,0.05234297528653966,55.46056178363032,0.31691749590645896,0.46497820291682235,1.0,0.7675108985415888,1.0,0,0,1.7226088047027588,,
Contribution,175,2024-Q2,2022-03-28,2024-03-28,2024-04-01,2024-06-30,459,0,0.9,504,0.024426735286936077,0.03618058152339962,,1.286059025991212,-0.01765661025076835,0.031023025386849312,0.039230328961985084,-0.008207303575135771,0.6645770022971231,0.24778092618910966,28.26139597623616,0.16149369129277805,0.49600291499492405,0.9371428571428572,0.751998542502538,0.9371428571428572,11,11,1.1249163150787354,,
Contribution_sector,175,2024-Q2,2022-03-28,2024-03-28,2024-04-01,2024-06-30,459,0,0.9,504,0.031064746149927377,0.03537109902873587,,1.202693501345662,-0.01934867078683269,0.030056910430263706,0.039230328961985084,-0.009173418531721378,0.6881179817488712,0.074148867656959,23.60962182653527,0.1349121247230587,0.6551139181476093,0.9371428571428572,0.6724430409261953,0.9371428571428572,11,11,1.6875648498535156,,
LASSO,175,2024-Q2,2022-03-28,2024-03-28,2024-04-01,2024-06-30,459,0,0.9,504,0.007357950949062462,0.03029706364214939,,1.3571762880455118,-0.019649324760023127,0.03151573531399943,0.039230328961985084,-0.007714593647985657,0.47259533537579784,0.13113231718084217,56.09121078460877,0.3205212044834787,0.8272416651514414,0.5371428571428571,0.5863791674242793,0.5371428571428571,81,81,8.757097721099854,,
LASSO_sector,175,2024-Q2,2022-03-28,2024-03-28,2024-04-01,2024-06-30,459,0,0.9,504,0.009945608954838064,0.029914292536397363,,1.6821398540104227,-0.015407303404045636,0.03898088985394832,0.039230328961985084,-0.00024943910803676417,0.4942340347398103,0.05236159576907988,51.35778632541311,0.29347306471664636,0.9146830944540637,0.5371428571428571,0.5426584527729681,0.5371428571428571,81,81,9.541519403457642,,
MIQP_Gurobi,175,2024-Q2,2022-03-28,2024-03-28,2024-04-01,2024-06-30,459,0,0.9,504,0.0133186687768027,0.030563912349132746,,1.0388583664819788,-0.020671024006647647,0.024031703151432104,0.039230328961985084,-0.01519862581055298,0.5678861573441889,0.1419477275236309,41.95192196897103,0.23972526839412017,0.8120504265702724,0.7028571428571428,0.5939747867148638,0.7028571428571428,52,52,4.402800559997559,0.004436207092185969,True
Layered,175,2024-Q2,2022-03-28,2024-03-28,2024-04-01,2024-06-30,459,0,0.9,504,0.011613927820315327,0.03090908540574372,,1.829673333206885,-0.018206365279830786,0.04325801289408493,0.039230328961985084,0.004027683932099846,0.515839796872341,0.043824296791592374,45.925065058267535,0.2624289431901002,0.7164548544240248,0.7428571428571429,0.6417725727879876,0.7428571428571429,45,45,6.930487155914307,0.002479133687926587,True
Stratified,200,2024-Q2,2022-03-28,2024-03-28,2024-04-01,2024-06-30,459,0,0.9,504,0.008706342744067928,0.02590553866335936,,1.719025823633883,-0.012959884465101507,0.040760426936965244,0.039230328961985084,0.0015300979749801602,0.39961264061113155,0.13330391535271668,59.85484610931549,0.2992742305465774,0.46555520408142154,1.0,0.7672223979592893,1.0,0,0,1.2906627655029297,,
Stratified_sector,200,2024-Q2,2022-03-28,2024-03-28,2024-04-01,2024-06-30,459,0,0.9,504,0.010819822593786341,0.02561753543497893,,1.8011467127527363,-0.013019055306562688,0.042518964823865524,0.039230328961985084,0.00328863586188044,0.4226266685726778,0.05171709533594859,56.21371934153034,0.2810685967076517,0.48931481851797054,1.0,0.7553425907410147,1.0,0,0,1.9233286380767822,,
MarketCap,200,2024-Q2,2022-03-28,2024-03-28,2024-04-01,2024-06-30,459,0,0.9,504,0.008725082281821709,0.02721358000862563,,1.7478736021375414,-0.013259246820173341,0.041196806974360456,0.039230328961985084,0.0019664780123753722,0.3993458791909128,0.12715538639309035,59.82814551184993,0.29914072755924964,0.4892248811786523,1.0,0.7553875594106738,1.0,0,0,1.2000632286071777,,
MarketCap_sector,200,2024-Q2,2022-03-28,2024-03-28,2024-04-01,2024-06-30,459,0,0.9,504,0.010381262186090874,0.026856285014560024,,1.944322682644665,-0.012134561211212919,0.04555857398925789,0.039230328961985084,0.006328245027272805,0.42891212492360653,0.04943104354130898,56.0493139006174,0.280246569503087,0.47078870293070313,1.0,0.7646056485346484,1.0,0,0,1.8616163730621338,,
Contribution,200,2024-Q2,2022-03-28,2024-03-28,2024-04-01,2024-06-30,459,0,0.9,504,0.022567814205367943,0.0351139871048321,,1.2650877708600003,-0.020499707439901795,0.030296940480172285,0.039230328961985084,-0.008933388481812798,0.6609608626106174,0.21291031894537546,31.38784032188311,0.15693920160941555,0.5102572814822449,0.975,0.7448713592588776,0.975,5,5,1.3892567157745361,,
Contribution_sector,200,2024-Q2,2022-03-28,2024-03-28,2024-04-01,2024-06-30,459,0,0.9,504,0.027155567272744985,0.03201895658577468,,1.2029909622101906,-0.020691571981048783,0.029313681777641376,0.039230328961985084,-0.009916647184343708,0.6439216749598979,0.047918116523579135,29.64429595694116,0.1482214797847058,0.5074675372480948,0.975,0.7462662313759526,0.975,5,5,1.7502655982971191,,
LASSO,200,2024-Q2,2022-03-28,2024-03-28,2024-04-01,2024-06-30,459,0,0.9,504,0.007730681668923443,0.029840867963424153,,1.5027285899352991,-0.015432083780342764,0.03524911282935994,0.039230328961985084,-0.003981216132625143,0.5036495716118692,0.13536781918987517,53.7167770428158,0.268583885214079,0.8108418190643665,0.56,0.5945790904678168,0.56,88,88,10.469701766967773,,
LASSO_sector,200,2024-Q2,2022-03-28,2024-03-28,2024-04-01,2024-06-30,459,0,0.9,504,0.009894716274307346,0.02951769549977863,,1.8301723096666265,-0.013372383271488054,0.042675507620044684,0.039230328961985084,0.0034451786580596,0.5121379461895929,0.04767683682315249,50.55689755954788,0.2527844877977394,0.8078013171285316,0.56,0.5960993414357342,0.56,88,88,11.160017728805542,,
MIQP_Gurobi,200,2024-Q2,2022-03-28,2024-03-28,2024-04-01,2024-06-30,459,0,0.9,504,0.011198186692082758,0.031507768329108496,,0.9122423707166755,-0.021820162719044415,0.020943126860214933,0.039230328961985084,-0.01828720210177015,0.5274192222293603,0.14770590946021372,46.241246955975605,0.23120623477987803,0.9185300670064432,0.705,0.5407349664967784,0.705,59,59,4.374564170837402,0.0028607895405200214,True
Layered,200,2024-Q2,2022-03-28,2024-03-28,2024-04-01,2024-06-30,459,0,0.9,504,0.010666391531399168,0.030373397172150346,,1.6430777742851308,-0.019106950868949472,0.03794437386684901,0.039230328961985084,-0.001285955095136071,0.5032419345155762,0.048212427493101395,50.473772650758754,0.25236886325379376,0.7157455950245806,0.72,0.6421272024877097,0.72,56,56,6.527759552001953,0.0016378315175338933,True
