,Sector,Count,Pct_of_Universe,Mean_Correlation,Min_Correlation,Max_Correlation
38,Information Technology,50,16.5016501650165,0.5663405605349663,0.38372801321156735,0.7447418593622676
490,Information Technology,50,16.5016501650165,0.5663405605349663,0.38372801321156735,0.7447418593622676
12,Information Technology,50,16.5016501650165,0.5663405605349663,0.38372801321156735,0.7447418593622676
39,Information Technology,50,16.5016501650165,0.5663405605349663,0.38372801321156735,0.7447418593622676
468,Information Technology,50,16.5016501650165,0.5663405605349663,0.38372801321156735,0.7447418593622676
276,Information Technology,50,16.5016501650165,0.5663405605349663,0.38372801321156735,0.7447418593622676
271,Information Technology,50,16.5016501650165,0.5663405605349663,0.38372801321156735,0.7447418593622676
261,Information Technology,50,16.5016501650165,0.5663405605349663,0.38372801321156735,0.7447418593622676
254,Information Technology,50,16.5016501650165,0.5663405605349663,0.38372801321156735,0.7447418593622676
249,Information Technology,50,16.5016501650165,0.5663405605349663,0.38372801321156735,0.7447418593622676
242,Information Technology,50,16.5016501650165,0.5663405605349663,0.38372801321156735,0.7447418593622676
237,Information Technology,50,16.5016501650165,0.5663405605349663,0.38372801321156735,0.7447418593622676
323,Information Technology,50,16.5016501650165,0.5663405605349663,0.38372801321156735,0.7447418593622676
316,Information Technology,50,16.5016501650165,0.5663405605349663,0.38372801321156735,0.7447418593622676
315,Information Technology,50,16.5016501650165,0.5663405605349663,0.38372801321156735,0.7447418593622676
314,Information Technology,50,16.5016501650165,0.5663405605349663,0.38372801321156735,0.7447418593622676
229,Information Technology,50,16.5016501650165,0.5663405605349663,0.38372801321156735,0.7447418593622676
220,Information Technology,50,16.5016501650165,0.5663405605349663,0.38372801321156735,0.7447418593622676
331,Information Technology,50,16.5016501650165,0.5663405605349663,0.38372801321156735,0.7447418593622676
328,Information Technology,50,16.5016501650165,0.5663405605349663,0.38372801321156735,0.7447418593622676
211,Information Technology,50,16.5016501650165,0.5663405605349663,0.38372801321156735,0.7447418593622676
48,Information Technology,50,16.5016501650165,0.5663405605349663,0.38372801321156735,0.7447418593622676
43,Information Technology,50,16.5016501650165,0.5663405605349663,0.38372801321156735,0.7447418593622676
207,Information Technology,50,16.5016501650165,0.5663405605349663,0.38372801321156735,0.7447418593622676
200,Information Technology,50,16.5016501650165,0.5663405605349663,0.38372801321156735,0.7447418593622676
348,Information Technology,50,16.5016501650165,0.5663405605349663,0.38372801321156735,0.7447418593622676
346,Information Technology,50,16.5016501650165,0.5663405605349663,0.38372801321156735,0.7447418593622676
196,Information Technology,50,16.5016501650165,0.5663405605349663,0.38372801321156735,0.7447418593622676
190,Information Technology,50,16.5016501650165,0.5663405605349663,0.38372801321156735,0.7447418593622676
188,Information Technology,50,16.5016501650165,0.5663405605349663,0.38372801321156735,0.7447418593622676
360,Information Technology,50,16.5016501650165,0.5663405605349663,0.38372801321156735,0.7447418593622676
359,Information Technology,50,16.5016501650165,0.5663405605349663,0.38372801321156735,0.7447418593622676
171,Information Technology,50,16.5016501650165,0.5663405605349663,0.38372801321156735,0.7447418593622676
168,Information Technology,50,16.5016501650165,0.5663405605349663,0.38372801321156735,0.7447418593622676
355,Information Technology,50,16.5016501650165,0.5663405605349663,0.38372801321156735,0.7447418593622676
353,Information Technology,50,16.5016501650165,0.5663405605349663,0.38372801321156735,0.7447418593622676
387,Information Technology,50,16.5016501650165,0.5663405605349663,0.38372801321156735,0.7447418593622676
71,Information Technology,50,16.5016501650165,0.5663405605349663,0.38372801321156735,0.7447418593622676
453,Information Technology,50,16.5016501650165,0.5663405605349663,0.38372801321156735,0.7447418593622676
451,Information Technology,50,16.5016501650165,0.5663405605349663,0.38372801321156735,0.7447418593622676
383,Information Technology,50,16.5016501650165,0.5663405605349663,0.38372801321156735,0.7447418593622676
142,Information Technology,50,16.5016501650165,0.5663405605349663,0.38372801321156735,0.7447418593622676
137,Information Technology,50,16.5016501650165,0.5663405605349663,0.38372801321156735,0.7447418593622676
413,Information Technology,50,16.5016501650165,0.5663405605349663,0.38372801321156735,0.7447418593622676
410,Information Technology,50,16.5016501650165,0.5663405605349663,0.38372801321156735,0.7447418593622676
408,Information Technology,50,16.5016501650165,0.5663405605349663,0.38372801321156735,0.7447418593622676
130,Information Technology,50,16.5016501650165,0.5663405605349663,0.38372801321156735,0.7447418593622676
124,Information Technology,50,16.5016501650165,0.5663405605349663,0.38372801321156735,0.7447418593622676
405,Information Technology,50,16.5016501650165,0.5663405605349663,0.38372801321156735,0.7447418593622676
401,Information Technology,50,16.5016501650165,0.5663405605349663,0.38372801321156735,0.7447418593622676
426,Information Technology,50,16.5016501650165,0.5663405605349663,0.38372801321156735,0.7447418593622676
113,Information Technology,50,16.5016501650165,0.5663405605349663,0.38372801321156735,0.7447418593622676
91,Information Technology,50,16.5016501650165,0.5663405605349663,0.38372801321156735,0.7447418593622676
438,Information Technology,50,16.5016501650165,0.5663405605349663,0.38372801321156735,0.7447418593622676
437,Information Technology,50,16.5016501650165,0.5663405605349663,0.38372801321156735,0.7447418593622676
436,Information Technology,50,16.5016501650165,0.5663405605349663,0.38372801321156735,0.7447418593622676
428,Information Technology,50,16.5016501650165,0.5663405605349663,0.38372801321156735,0.7447418593622676
79,Information Technology,50,16.5016501650165,0.5663405605349663,0.38372801321156735,0.7447418593622676
106,Information Technology,50,16.5016501650165,0.5663405605349663,0.38372801321156735,0.7447418593622676
440,Information Technology,50,16.5016501650165,0.5663405605349663,0.38372801321156735,0.7447418593622676
34,Information Technology,50,16.5016501650165,0.5663405605349663,0.38372801321156735,0.7447418593622676
33,Information Technology,50,16.5016501650165,0.5663405605349663,0.38372801321156735,0.7447418593622676
6,Information Technology,50,16.5016501650165,0.5663405605349663,0.38372801321156735,0.7447418593622676
500,Information Technology,50,16.5016501650165,0.5663405605349663,0.38372801321156735,0.7447418593622676
495,Information Technology,50,16.5016501650165,0.5663405605349663,0.38372801321156735,0.7447418593622676
281,Information Technology,50,16.5016501650165,0.5663405605349663,0.38372801321156735,0.7447418593622676
5,Information Technology,50,16.5016501650165,0.5663405605349663,0.38372801321156735,0.7447418593622676
4,Information Technology,50,16.5016501650165,0.5663405605349663,0.38372801321156735,0.7447418593622676
0,Industrials,46,15.181518151815181,0.45828343882779005,-0.031403295861751605,0.6941416107258257
1,Industrials,46,15.181518151815181,0.45828343882779005,-0.031403295861751605,0.6941416107258257
284,Industrials,46,15.181518151815181,0.45828343882779005,-0.031403295861751605,0.6941416107258257
286,Industrials,46,15.181518151815181,0.45828343882779005,-0.031403295861751605,0.6941416107258257
279,Industrials,46,15.181518151815181,0.45828343882779005,-0.031403295861751605,0.6941416107258257
31,Industrials,46,15.181518151815181,0.45828343882779005,-0.031403295861751605,0.6941416107258257
263,Industrials,46,15.181518151815181,0.45828343882779005,-0.031403295861751605,0.6941416107258257
291,Industrials,46,15.181518151815181,0.45828343882779005,-0.031403295861751605,0.6941416107258257
498,Industrials,46,15.181518151815181,0.45828343882779005,-0.031403295861751605,0.6941416107258257
141,Industrials,46,15.181518151815181,0.45828343882779005,-0.031403295861751605,0.6941416107258257
143,Industrials,46,15.181518151815181,0.45828343882779005,-0.031403295861751605,0.6941416107258257
391,Industrials,46,15.181518151815181,0.45828343882779005,-0.031403295861751605,0.6941416107258257
75,Industrials,46,15.181518151815181,0.45828343882779005,-0.031403295861751605,0.6941416107258257
78,Industrials,46,15.181518151815181,0.45828343882779005,-0.031403295861751605,0.6941416107258257
88,Industrials,46,15.181518151815181,0.45828343882779005,-0.031403295861751605,0.6941416107258257
87,Industrials,46,15.181518151815181,0.45828343882779005,-0.031403295861751605,0.6941416107258257
442,Industrials,46,15.181518151815181,0.45828343882779005,-0.031403295861751605,0.6941416107258257
419,Industrials,46,15.181518151815181,0.45828343882779005,-0.031403295861751605,0.6941416107258257
420,Industrials,46,15.181518151815181,0.45828343882779005,-0.031403295861751605,0.6941416107258257
105,Industrials,46,15.181518151815181,0.45828343882779005,-0.031403295861751605,0.6941416107258257
386,Industrials,46,15.181518151815181,0.45828343882779005,-0.031403295861751605,0.6941416107258257
366,Industrials,46,15.181518151815181,0.45828343882779005,-0.031403295861751605,0.6941416107258257
399,Industrials,46,15.181518151815181,0.45828343882779005,-0.031403295861751605,0.6941416107258257
396,Industrials,46,15.181518151815181,0.45828343882779005,-0.031403295861751605,0.6941416107258257
400,Industrials,46,15.181518151815181,0.45828343882779005,-0.031403295861751605,0.6941416107258257
133,Industrials,46,15.181518151815181,0.45828343882779005,-0.031403295861751605,0.6941416107258257
132,Industrials,46,15.181518151815181,0.45828343882779005,-0.031403295861751605,0.6941416107258257
123,Industrials,46,15.181518151815181,0.45828343882779005,-0.031403295861751605,0.6941416107258257
416,Industrials,46,15.181518151815181,0.45828343882779005,-0.031403295861751605,0.6941416107258257
139,Industrials,46,15.181518151815181,0.45828343882779005,-0.031403295861751605,0.6941416107258257
53,Industrials,46,15.181518151815181,0.45828343882779005,-0.031403295861751605,0.6941416107258257
193,Industrials,46,15.181518151815181,0.45828343882779005,-0.031403295861751605,0.6941416107258257
208,Industrials,46,15.181518151815181,0.45828343882779005,-0.031403295861751605,0.6941416107258257
339,Industrials,46,15.181518151815181,0.45828343882779005,-0.031403295861751605,0.6941416107258257
364,Industrials,46,15.181518151815181,0.45828343882779005,-0.031403295861751605,0.6941416107258257
340,Industrials,46,15.181518151815181,0.45828343882779005,-0.031403295861751605,0.6941416107258257
484,Industrials,46,15.181518151815181,0.45828343882779005,-0.031403295861751605,0.6941416107258257
479,Industrials,46,15.181518151815181,0.45828343882779005,-0.031403295861751605,0.6941416107258257
260,Industrials,46,15.181518151815181,0.45828343882779005,-0.031403295861751605,0.6941416107258257
265,Industrials,46,15.181518151815181,0.45828343882779005,-0.031403295861751605,0.6941416107258257
243,Industrials,46,15.181518151815181,0.45828343882779005,-0.031403295861751605,0.6941416107258257
245,Industrials,46,15.181518151815181,0.45828343882779005,-0.031403295861751605,0.6941416107258257
241,Industrials,46,15.181518151815181,0.45828343882779005,-0.031403295861751605,0.6941416107258257
238,Industrials,46,15.181518151815181,0.45828343882779005,-0.031403295861751605,0.6941416107258257
16,Industrials,46,15.181518151815181,0.45828343882779005,-0.031403295861751605,0.6941416107258257
478,Industrials,46,15.181518151815181,0.45828343882779005,-0.031403295861751605,0.6941416107258257
302,Industrials,46,15.181518151815181,0.45828343882779005,-0.031403295861751605,0.6941416107258257
469,Industrials,46,15.181518151815181,0.45828343882779005,-0.031403295861751605,0.6941416107258257
467,Industrials,46,15.181518151815181,0.45828343882779005,-0.031403295861751605,0.6941416107258257
462,Industrials,46,15.181518151815181,0.45828343882779005,-0.031403295861751605,0.6941416107258257
461,Industrials,46,15.181518151815181,0.45828343882779005,-0.031403295861751605,0.6941416107258257
247,Industrials,46,15.181518151815181,0.45828343882779005,-0.031403295861751605,0.6941416107258257
236,Industrials,46,15.181518151815181,0.45828343882779005,-0.031403295861751605,0.6941416107258257
233,Industrials,46,15.181518151815181,0.45828343882779005,-0.031403295861751605,0.6941416107258257
191,Industrials,46,15.181518151815181,0.45828343882779005,-0.031403295861751605,0.6941416107258257
185,Industrials,46,15.181518151815181,0.45828343882779005,-0.031403295861751605,0.6941416107258257
342,Industrials,46,15.181518151815181,0.45828343882779005,-0.031403295861751605,0.6941416107258257
210,Industrials,46,15.181518151815181,0.45828343882779005,-0.031403295861751605,0.6941416107258257
201,Industrials,46,15.181518151815181,0.45828343882779005,-0.031403295861751605,0.6941416107258257
49,Industrials,46,15.181518151815181,0.45828343882779005,-0.031403295861751605,0.6941416107258257
213,Industrials,46,15.181518151815181,0.45828343882779005,-0.031403295861751605,0.6941416107258257
212,Industrials,46,15.181518151815181,0.45828343882779005,-0.031403295861751605,0.6941416107258257
153,Industrials,46,15.181518151815181,0.45828343882779005,-0.031403295861751605,0.6941416107258257
72,Industrials,46,15.181518151815181,0.45828343882779005,-0.031403295861751605,0.6941416107258257
456,Industrials,46,15.181518151815181,0.45828343882779005,-0.031403295861751605,0.6941416107258257
459,Industrials,46,15.181518151815181,0.45828343882779005,-0.031403295861751605,0.6941416107258257
460,Industrials,46,15.181518151815181,0.45828343882779005,-0.031403295861751605,0.6941416107258257
67,Industrials,46,15.181518151815181,0.45828343882779005,-0.031403295861751605,0.6941416107258257
160,Industrials,46,15.181518151815181,0.45828343882779005,-0.031403295861751605,0.6941416107258257
351,Industrials,46,15.181518151815181,0.45828343882779005,-0.031403295861751605,0.6941416107258257
357,Industrials,46,15.181518151815181,0.45828343882779005,-0.031403295861751605,0.6941416107258257
356,Industrials,46,15.181518151815181,0.45828343882779005,-0.031403295861751605,0.6941416107258257
167,Industrials,46,15.181518151815181,0.45828343882779005,-0.031403295861751605,0.6941416107258257
173,Industrials,46,15.181518151815181,0.45828343882779005,-0.031403295861751605,0.6941416107258257
362,Industrials,46,15.181518151815181,0.45828343882779005,-0.031403295861751605,0.6941416107258257
363,Industrials,46,15.181518151815181,0.45828343882779005,-0.031403295861751605,0.6941416107258257
448,Industrials,46,15.181518151815181,0.45828343882779005,-0.031403295861751605,0.6941416107258257
449,Industrials,46,15.181518151815181,0.45828343882779005,-0.031403295861751605,0.6941416107258257
30,Financials,42,13.861386138613863,0.4513811384268319,-0.13314971957772237,0.6987401516815588
27,Financials,42,13.861386138613863,0.4513811384268319,-0.13314971957772237,0.6987401516815588
292,Financials,42,13.861386138613863,0.4513811384268319,-0.13314971957772237,0.6987401516815588
373,Financials,42,13.861386138613863,0.4513811384268319,-0.13314971957772237,0.6987401516815588
404,Financials,42,13.861386138613863,0.4513811384268319,-0.13314971957772237,0.6987401516815588
494,Financials,42,13.861386138613863,0.4513811384268319,-0.13314971957772237,0.6987401516815588
477,Financials,42,13.861386138613863,0.4513811384268319,-0.13314971957772237,0.6987401516815588
303,Financials,42,13.861386138613863,0.4513811384268319,-0.13314971957772237,0.6987401516815588
300,Financials,42,13.861386138613863,0.4513811384268319,-0.13314971957772237,0.6987401516815588
298,Financials,42,13.861386138613863,0.4513811384268319,-0.13314971957772237,0.6987401516815588
474,Financials,42,13.861386138613863,0.4513811384268319,-0.13314971957772237,0.6987401516815588
487,Financials,42,13.861386138613863,0.4513811384268319,-0.13314971957772237,0.6987401516815588
18,Financials,42,13.861386138613863,0.4513811384268319,-0.13314971957772237,0.6987401516815588
266,Financials,42,13.861386138613863,0.4513811384268319,-0.13314971957772237,0.6987401516815588
250,Financials,42,13.861386138613863,0.4513811384268319,-0.13314971957772237,0.6987401516815588
240,Financials,42,13.861386138613863,0.4513811384268319,-0.13314971957772237,0.6987401516815588
330,Financials,42,13.861386138613863,0.4513811384268319,-0.13314971957772237,0.6987401516815588
45,Financials,42,13.861386138613863,0.4513811384268319,-0.13314971957772237,0.6987401516815588
26,Financials,42,13.861386138613863,0.4513811384268319,-0.13314971957772237,0.6987401516815588
64,Financials,42,13.861386138613863,0.4513811384268319,-0.13314971957772237,0.6987401516815588
65,Financials,42,13.861386138613863,0.4513811384268319,-0.13314971957772237,0.6987401516815588
329,Financials,42,13.861386138613863,0.4513811384268319,-0.13314971957772237,0.6987401516815588
189,Financials,42,13.861386138613863,0.4513811384268319,-0.13314971957772237,0.6987401516815588
194,Financials,42,13.861386138613863,0.4513811384268319,-0.13314971957772237,0.6987401516815588
256,Financials,42,13.861386138613863,0.4513811384268319,-0.13314971957772237,0.6987401516815588
275,Financials,42,13.861386138613863,0.4513811384268319,-0.13314971957772237,0.6987401516815588
41,Financials,42,13.861386138613863,0.4513811384268319,-0.13314971957772237,0.6987401516815588
270,Financials,42,13.861386138613863,0.4513811384268319,-0.13314971957772237,0.6987401516815588
296,Financials,42,13.861386138613863,0.4513811384268319,-0.13314971957772237,0.6987401516815588
262,Financials,42,13.861386138613863,0.4513811384268319,-0.13314971957772237,0.6987401516815588
223,Financials,42,13.861386138613863,0.4513811384268319,-0.13314971957772237,0.6987401516815588
427,Financials,42,13.861386138613863,0.4513811384268319,-0.13314971957772237,0.6987401516815588
125,Financials,42,13.861386138613863,0.4513811384268319,-0.13314971957772237,0.6987401516815588
89,Financials,42,13.861386138613863,0.4513811384268319,-0.13314971957772237,0.6987401516815588
114,Financials,42,13.861386138613863,0.4513811384268319,-0.13314971957772237,0.6987401516815588
83,Financials,42,13.861386138613863,0.4513811384268319,-0.13314971957772237,0.6987401516815588
108,Financials,42,13.861386138613863,0.4513811384268319,-0.13314971957772237,0.6987401516815588
107,Financials,42,13.861386138613863,0.4513811384268319,-0.13314971957772237,0.6987401516815588
97,Financials,42,13.861386138613863,0.4513811384268319,-0.13314971957772237,0.6987401516815588
8,Financials,42,13.861386138613863,0.4513811384268319,-0.13314971957772237,0.6987401516815588
37,Financials,42,13.861386138613863,0.4513811384268319,-0.13314971957772237,0.6987401516815588
35,Financials,42,13.861386138613863,0.4513811384268319,-0.13314971957772237,0.6987401516815588
73,Financials,42,13.861386138613863,0.4513811384268319,-0.13314971957772237,0.6987401516815588
104,Financials,42,13.861386138613863,0.4513811384268319,-0.13314971957772237,0.6987401516815588
422,Financials,42,13.861386138613863,0.4513811384268319,-0.13314971957772237,0.6987401516815588
101,Financials,42,13.861386138613863,0.4513811384268319,-0.13314971957772237,0.6987401516815588
56,Financials,42,13.861386138613863,0.4513811384268319,-0.13314971957772237,0.6987401516815588
431,Financials,42,13.861386138613863,0.4513811384268319,-0.13314971957772237,0.6987401516815588
110,Financials,42,13.861386138613863,0.4513811384268319,-0.13314971957772237,0.6987401516815588
395,Financials,42,13.861386138613863,0.4513811384268319,-0.13314971957772237,0.6987401516815588
365,Financials,42,13.861386138613863,0.4513811384268319,-0.13314971957772237,0.6987401516815588
381,Financials,42,13.861386138613863,0.4513811384268319,-0.13314971957772237,0.6987401516815588
377,Financials,42,13.861386138613863,0.4513811384268319,-0.13314971957772237,0.6987401516815588
379,Financials,42,13.861386138613863,0.4513811384268319,-0.13314971957772237,0.6987401516815588
66,Financials,42,13.861386138613863,0.4513811384268319,-0.13314971957772237,0.6987401516815588
44,Financials,42,13.861386138613863,0.4513811384268319,-0.13314971957772237,0.6987401516815588
326,Financials,42,13.861386138613863,0.4513811384268319,-0.13314971957772237,0.6987401516815588
204,Financials,42,13.861386138613863,0.4513811384268319,-0.13314971957772237,0.6987401516815588
59,Financials,42,13.861386138613863,0.4513811384268319,-0.13314971957772237,0.6987401516815588
63,Financials,42,13.861386138613863,0.4513811384268319,-0.13314971957772237,0.6987401516815588
341,Financials,42,13.861386138613863,0.4513811384268319,-0.13314971957772237,0.6987401516815588
176,Financials,42,13.861386138613863,0.4513811384268319,-0.13314971957772237,0.6987401516815588
452,Financials,42,13.861386138613863,0.4513811384268319,-0.13314971957772237,0.6987401516815588
450,Financials,42,13.861386138613863,0.4513811384268319,-0.13314971957772237,0.6987401516815588
390,Financials,42,13.861386138613863,0.4513811384268319,-0.13314971957772237,0.6987401516815588
325,Financials,42,13.861386138613863,0.4513811384268319,-0.13314971957772237,0.6987401516815588
198,Financials,42,13.861386138613863,0.4513811384268319,-0.13314971957772237,0.6987401516815588
195,Financials,42,13.861386138613863,0.4513811384268319,-0.13314971957772237,0.6987401516815588
455,Financials,42,13.861386138613863,0.4513811384268319,-0.13314971957772237,0.6987401516815588
179,Financials,42,13.861386138613863,0.4513811384268319,-0.13314971957772237,0.6987401516815588
221,Financials,42,13.861386138613863,0.4513811384268319,-0.13314971957772237,0.6987401516815588
311,Financials,42,13.861386138613863,0.4513811384268319,-0.13314971957772237,0.6987401516815588
219,Financials,42,13.861386138613863,0.4513811384268319,-0.13314971957772237,0.6987401516815588
218,Financials,42,13.861386138613863,0.4513811384268319,-0.13314971957772237,0.6987401516815588
368,Health Care,37,12.211221122112212,0.2662194086316033,0.010931389139143518,0.5707093196775922
135,Health Care,37,12.211221122112212,0.2662194086316033,0.010931389139143518,0.5707093196775922
417,Health Care,37,12.211221122112212,0.2662194086316033,0.010931389139143518,0.5707093196775922
145,Health Care,37,12.211221122112212,0.2662194086316033,0.010931389139143518,0.5707093196775922
134,Health Care,37,12.211221122112212,0.2662194086316033,0.010931389139143518,0.5707093196775922
394,Health Care,37,12.211221122112212,0.2662194086316033,0.010931389139143518,0.5707093196775922
398,Health Care,37,12.211221122112212,0.2662194086316033,0.010931389139143518,0.5707093196775922
397,Health Care,37,12.211221122112212,0.2662194086316033,0.010931389139143518,0.5707093196775922
138,Health Care,37,12.211221122112212,0.2662194086316033,0.010931389139143518,0.5707093196775922
84,Health Care,37,12.211221122112212,0.2662194086316033,0.010931389139143518,0.5707093196775922
424,Health Care,37,12.211221122112212,0.2662194086316033,0.010931389139143518,0.5707093196775922
425,Health Care,37,12.211221122112212,0.2662194086316033,0.010931389139143518,0.5707093196775922
103,Health Care,37,12.211221122112212,0.2662194086316033,0.010931389139143518,0.5707093196775922
92,Health Care,37,12.211221122112212,0.2662194086316033,0.010931389139143518,0.5707093196775922
2,Health Care,37,12.211221122112212,0.2662194086316033,0.010931389139143518,0.5707093196775922
280,Health Care,37,12.211221122112212,0.2662194086316033,0.010931389139143518,0.5707093196775922
287,Health Care,37,12.211221122112212,0.2662194086316033,0.010931389139143518,0.5707093196775922
3,Health Care,37,12.211221122112212,0.2662194086316033,0.010931389139143518,0.5707093196775922
501,Health Care,37,12.211221122112212,0.2662194086316033,0.010931389139143518,0.5707093196775922
264,Health Care,37,12.211221122112212,0.2662194086316033,0.010931389139143518,0.5707093196775922
502,Health Care,37,12.211221122112212,0.2662194086316033,0.010931389139143518,0.5707093196775922
122,Health Care,37,12.211221122112212,0.2662194086316033,0.010931389139143518,0.5707093196775922
93,Health Care,37,12.211221122112212,0.2662194086316033,0.010931389139143518,0.5707093196775922
96,Health Care,37,12.211221122112212,0.2662194086316033,0.010931389139143518,0.5707093196775922
32,Health Care,37,12.211221122112212,0.2662194086316033,0.010931389139143518,0.5707093196775922
388,Health Care,37,12.211221122112212,0.2662194086316033,0.010931389139143518,0.5707093196775922
70,Health Care,37,12.211221122112212,0.2662194086316033,0.010931389139143518,0.5707093196775922
443,Health Care,37,12.211221122112212,0.2662194086316033,0.010931389139143518,0.5707093196775922
62,Health Care,37,12.211221122112212,0.2662194086316033,0.010931389139143518,0.5707093196775922
57,Health Care,37,12.211221122112212,0.2662194086316033,0.010931389139143518,0.5707093196775922
58,Health Care,37,12.211221122112212,0.2662194086316033,0.010931389139143518,0.5707093196775922
61,Health Care,37,12.211221122112212,0.2662194086316033,0.010931389139143518,0.5707093196775922
209,Health Care,37,12.211221122112212,0.2662194086316033,0.010931389139143518,0.5707093196775922
69,Health Care,37,12.211221122112212,0.2662194086316033,0.010931389139143518,0.5707093196775922
164,Health Care,37,12.211221122112212,0.2662194086316033,0.010931389139143518,0.5707093196775922
166,Health Care,37,12.211221122112212,0.2662194086316033,0.010931389139143518,0.5707093196775922
227,Health Care,37,12.211221122112212,0.2662194086316033,0.010931389139143518,0.5707093196775922
225,Health Care,37,12.211221122112212,0.2662194086316033,0.010931389139143518,0.5707093196775922
312,Health Care,37,12.211221122112212,0.2662194086316033,0.010931389139143518,0.5707093196775922
318,Health Care,37,12.211221122112212,0.2662194086316033,0.010931389139143518,0.5707093196775922
308,Health Care,37,12.211221122112212,0.2662194086316033,0.010931389139143518,0.5707093196775922
320,Health Care,37,12.211221122112212,0.2662194086316033,0.010931389139143518,0.5707093196775922
231,Health Care,37,12.211221122112212,0.2662194086316033,0.010931389139143518,0.5707093196775922
309,Health Care,37,12.211221122112212,0.2662194086316033,0.010931389139143518,0.5707093196775922
258,Health Care,37,12.211221122112212,0.2662194086316033,0.010931389139143518,0.5707093196775922
217,Health Care,37,12.211221122112212,0.2662194086316033,0.010931389139143518,0.5707093196775922
248,Health Care,37,12.211221122112212,0.2662194086316033,0.010931389139143518,0.5707093196775922
255,Health Care,37,12.211221122112212,0.2662194086316033,0.010931389139143518,0.5707093196775922
244,Health Care,37,12.211221122112212,0.2662194086316033,0.010931389139143518,0.5707093196775922
239,Health Care,37,12.211221122112212,0.2662194086316033,0.010931389139143518,0.5707093196775922
246,Health Care,37,12.211221122112212,0.2662194086316033,0.010931389139143518,0.5707093196775922
464,Health Care,37,12.211221122112212,0.2662194086316033,0.010931389139143518,0.5707093196775922
463,Health Care,37,12.211221122112212,0.2662194086316033,0.010931389139143518,0.5707093196775922
307,Health Care,37,12.211221122112212,0.2662194086316033,0.010931389139143518,0.5707093196775922
485,Health Care,37,12.211221122112212,0.2662194086316033,0.010931389139143518,0.5707093196775922
9,Health Care,37,12.211221122112212,0.2662194086316033,0.010931389139143518,0.5707093196775922
15,Health Care,37,12.211221122112212,0.2662194086316033,0.010931389139143518,0.5707093196775922
472,Health Care,37,12.211221122112212,0.2662194086316033,0.010931389139143518,0.5707093196775922
489,Health Care,37,12.211221122112212,0.2662194086316033,0.010931389139143518,0.5707093196775922
471,Health Care,37,12.211221122112212,0.2662194086316033,0.010931389139143518,0.5707093196775922
11,Consumer Discretionary,29,9.570957095709572,0.42950548019273815,0.11557198103853944,0.7542819451160515
492,Consumer Discretionary,29,9.570957095709572,0.42950548019273815,0.11557198103853944,0.7542819451160515
22,Consumer Discretionary,29,9.570957095709572,0.42950548019273815,0.11557198103853944,0.7542819451160515
496,Consumer Discretionary,29,9.570957095709572,0.42950548019273815,0.11557198103853944,0.7542819451160515
290,Consumer Discretionary,29,9.570957095709572,0.42950548019273815,0.11557198103853944,0.7542819451160515
283,Consumer Discretionary,29,9.570957095709572,0.42950548019273815,0.11557198103853944,0.7542819451160515
499,Consumer Discretionary,29,9.570957095709572,0.42950548019273815,0.11557198103853944,0.7542819451160515
285,Consumer Discretionary,29,9.570957095709572,0.42950548019273815,0.11557198103853944,0.7542819451160515
294,Consumer Discretionary,29,9.570957095709572,0.42950548019273815,0.11557198103853944,0.7542819451160515
293,Consumer Discretionary,29,9.570957095709572,0.42950548019273815,0.11557198103853944,0.7542819451160515
230,Consumer Discretionary,29,9.570957095709572,0.42950548019273815,0.11557198103853944,0.7542819451160515
199,Consumer Discretionary,29,9.570957095709572,0.42950548019273815,0.11557198103853944,0.7542819451160515
299,Consumer Discretionary,29,9.570957095709572,0.42950548019273815,0.11557198103853944,0.7542819451160515
232,Consumer Discretionary,29,9.570957095709572,0.42950548019273815,0.11557198103853944,0.7542819451160515
306,Consumer Discretionary,29,9.570957095709572,0.42950548019273815,0.11557198103853944,0.7542819451160515
206,Consumer Discretionary,29,9.570957095709572,0.42950548019273815,0.11557198103853944,0.7542819451160515
337,Consumer Discretionary,29,9.570957095709572,0.42950548019273815,0.11557198103853944,0.7542819451160515
184,Consumer Discretionary,29,9.570957095709572,0.42950548019273815,0.11557198103853944,0.7542819451160515
343,Consumer Discretionary,29,9.570957095709572,0.42950548019273815,0.11557198103853944,0.7542819451160515
349,Consumer Discretionary,29,9.570957095709572,0.42950548019273815,0.11557198103853944,0.7542819451160515
347,Consumer Discretionary,29,9.570957095709572,0.42950548019273815,0.11557198103853944,0.7542819451160515
313,Consumer Discretionary,29,9.570957095709572,0.42950548019273815,0.11557198103853944,0.7542819451160515
319,Consumer Discretionary,29,9.570957095709572,0.42950548019273815,0.11557198103853944,0.7542819451160515
216,Consumer Discretionary,29,9.570957095709572,0.42950548019273815,0.11557198103853944,0.7542819451160515
215,Consumer Discretionary,29,9.570957095709572,0.42950548019273815,0.11557198103853944,0.7542819451160515
224,Consumer Discretionary,29,9.570957095709572,0.42950548019273815,0.11557198103853944,0.7542819451160515
389,Consumer Discretionary,29,9.570957095709572,0.42950548019273815,0.11557198103853944,0.7542819451160515
161,Consumer Discretionary,29,9.570957095709572,0.42950548019273815,0.11557198103853944,0.7542819451160515
155,Consumer Discretionary,29,9.570957095709572,0.42950548019273815,0.11557198103853944,0.7542819451160515
151,Consumer Discretionary,29,9.570957095709572,0.42950548019273815,0.11557198103853944,0.7542819451160515
374,Consumer Discretionary,29,9.570957095709572,0.42950548019273815,0.11557198103853944,0.7542819451160515
433,Consumer Discretionary,29,9.570957095709572,0.42950548019273815,0.11557198103853944,0.7542819451160515
444,Consumer Discretionary,29,9.570957095709572,0.42950548019273815,0.11557198103853944,0.7542819451160515
439,Consumer Discretionary,29,9.570957095709572,0.42950548019273815,0.11557198103853944,0.7542819451160515
80,Consumer Discretionary,29,9.570957095709572,0.42950548019273815,0.11557198103853944,0.7542819451160515
421,Consumer Discretionary,29,9.570957095709572,0.42950548019273815,0.11557198103853944,0.7542819451160515
140,Consumer Discretionary,29,9.570957095709572,0.42950548019273815,0.11557198103853944,0.7542819451160515
403,Consumer Discretionary,29,9.570957095709572,0.42950548019273815,0.11557198103853944,0.7542819451160515
447,Consumer Discretionary,29,9.570957095709572,0.42950548019273815,0.11557198103853944,0.7542819451160515
68,Consumer Discretionary,29,9.570957095709572,0.42950548019273815,0.11557198103853944,0.7542819451160515
50,Consumer Discretionary,29,9.570957095709572,0.42950548019273815,0.11557198103853944,0.7542819451160515
40,Consumer Discretionary,29,9.570957095709572,0.42950548019273815,0.11557198103853944,0.7542819451160515
458,Consumer Discretionary,29,9.570957095709572,0.42950548019273815,0.11557198103853944,0.7542819451160515
60,Consumer Discretionary,29,9.570957095709572,0.42950548019273815,0.11557198103853944,0.7542819451160515
100,Consumer Discretionary,29,9.570957095709572,0.42950548019273815,0.11557198103853944,0.7542819451160515
86,Consumer Discretionary,29,9.570957095709572,0.42950548019273815,0.11557198103853944,0.7542819451160515
85,Consumer Discretionary,29,9.570957095709572,0.42950548019273815,0.11557198103853944,0.7542819451160515
136,Consumer Discretionary,29,9.570957095709572,0.42950548019273815,0.11557198103853944,0.7542819451160515
152,Consumer Discretionary,29,9.570957095709572,0.42950548019273815,0.11557198103853944,0.7542819451160515
385,Consumer Discretionary,29,9.570957095709572,0.42950548019273815,0.11557198103853944,0.7542819451160515
402,Consumer Discretionary,29,9.570957095709572,0.42950548019273815,0.11557198103853944,0.7542819451160515
305,Consumer Staples,24,7.920792079207921,0.06774929896814903,-0.10129284869356474,0.42568176252126405
278,Consumer Staples,24,7.920792079207921,0.06774929896814903,-0.10129284869356474,0.42568176252126405
321,Consumer Staples,24,7.920792079207921,0.06774929896814903,-0.10129284869356474,0.42568176252126405
277,Consumer Staples,24,7.920792079207921,0.06774929896814903,-0.10129284869356474,0.42568176252126405
324,Consumer Staples,24,7.920792079207921,0.06774929896814903,-0.10129284869356474,0.42568176252126405
228,Consumer Staples,24,7.920792079207921,0.06774929896814903,-0.10129284869356474,0.42568176252126405
234,Consumer Staples,24,7.920792079207921,0.06774929896814903,-0.10129284869356474,0.42568176252126405
414,Consumer Staples,24,7.920792079207921,0.06774929896814903,-0.10129284869356474,0.42568176252126405
109,Consumer Staples,24,7.920792079207921,0.06774929896814903,-0.10129284869356474,0.42568176252126405
102,Consumer Staples,24,7.920792079207921,0.06774929896814903,-0.10129284869356474,0.42568176252126405
117,Consumer Staples,24,7.920792079207921,0.06774929896814903,-0.10129284869356474,0.42568176252126405
112,Consumer Staples,24,7.920792079207921,0.06774929896814903,-0.10129284869356474,0.42568176252126405
178,Consumer Staples,24,7.920792079207921,0.06774929896814903,-0.10129284869356474,0.42568176252126405
370,Consumer Staples,24,7.920792079207921,0.06774929896814903,-0.10129284869356474,0.42568176252126405
367,Consumer Staples,24,7.920792079207921,0.06774929896814903,-0.10129284869356474,0.42568176252126405
378,Consumer Staples,24,7.920792079207921,0.06774929896814903,-0.10129284869356474,0.42568176252126405
149,Consumer Staples,24,7.920792079207921,0.06774929896814903,-0.10129284869356474,0.42568176252126405
148,Consumer Staples,24,7.920792079207921,0.06774929896814903,-0.10129284869356474,0.42568176252126405
120,Consumer Staples,24,7.920792079207921,0.06774929896814903,-0.10129284869356474,0.42568176252126405
322,Consumer Staples,24,7.920792079207921,0.06774929896814903,-0.10129284869356474,0.42568176252126405
214,Consumer Staples,24,7.920792079207921,0.06774929896814903,-0.10129284869356474,0.42568176252126405
268,Consumer Staples,24,7.920792079207921,0.06774929896814903,-0.10129284869356474,0.42568176252126405
128,Consumer Staples,24,7.920792079207921,0.06774929896814903,-0.10129284869356474,0.42568176252126405
282,Consumer Staples,24,7.920792079207921,0.06774929896814903,-0.10129284869356474,0.42568176252126405
267,Consumer Staples,24,7.920792079207921,0.06774929896814903,-0.10129284869356474,0.42568176252126405
21,Consumer Staples,24,7.920792079207921,0.06774929896814903,-0.10129284869356474,0.42568176252126405
272,Consumer Staples,24,7.920792079207921,0.06774929896814903,-0.10129284869356474,0.42568176252126405
269,Consumer Staples,24,7.920792079207921,0.06774929896814903,-0.10129284869356474,0.42568176252126405
42,Consumer Staples,24,7.920792079207921,0.06774929896814903,-0.10129284869356474,0.42568176252126405
454,Consumer Staples,24,7.920792079207921,0.06774929896814903,-0.10129284869356474,0.42568176252126405
74,Consumer Staples,24,7.920792079207921,0.06774929896814903,-0.10129284869356474,0.42568176252126405
115,Consumer Staples,24,7.920792079207921,0.06774929896814903,-0.10129284869356474,0.42568176252126405
435,Consumer Staples,24,7.920792079207921,0.06774929896814903,-0.10129284869356474,0.42568176252126405
429,Consumer Staples,24,7.920792079207921,0.06774929896814903,-0.10129284869356474,0.42568176252126405
481,Consumer Staples,24,7.920792079207921,0.06774929896814903,-0.10129284869356474,0.42568176252126405
480,Consumer Staples,24,7.920792079207921,0.06774929896814903,-0.10129284869356474,0.42568176252126405
82,Consumer Staples,24,7.920792079207921,0.06774929896814903,-0.10129284869356474,0.42568176252126405
76,Consumer Staples,24,7.920792079207921,0.06774929896814903,-0.10129284869356474,0.42568176252126405
338,Utilities,18,5.9405940594059405,0.13770077401512013,-0.23463043510732975,0.5537275745828057
336,Utilities,18,5.9405940594059405,0.13770077401512013,-0.23463043510732975,0.5537275745828057
497,Utilities,18,5.9405940594059405,0.13770077401512013,-0.23463043510732975,0.5537275745828057
17,Utilities,18,5.9405940594059405,0.13770077401512013,-0.23463043510732975,0.5537275745828057
7,Utilities,18,5.9405940594059405,0.13770077401512013,-0.23463043510732975,0.5537275745828057
197,Utilities,18,5.9405940594059405,0.13770077401512013,-0.23463043510732975,0.5537275745828057
475,Utilities,18,5.9405940594059405,0.13770077401512013,-0.23463043510732975,0.5537275745828057
47,Utilities,18,5.9405940594059405,0.13770077401512013,-0.23463043510732975,0.5537275745828057
94,Utilities,18,5.9405940594059405,0.13770077401512013,-0.23463043510732975,0.5537275745828057
486,Utilities,18,5.9405940594059405,0.13770077401512013,-0.23463043510732975,0.5537275745828057
29,Utilities,18,5.9405940594059405,0.13770077401512013,-0.23463043510732975,0.5537275745828057
25,Utilities,18,5.9405940594059405,0.13770077401512013,-0.23463043510732975,0.5537275745828057
24,Utilities,18,5.9405940594059405,0.13770077401512013,-0.23463043510732975,0.5537275745828057
157,Utilities,18,5.9405940594059405,0.13770077401512013,-0.23463043510732975,0.5537275745828057
163,Utilities,18,5.9405940594059405,0.13770077401512013,-0.23463043510732975,0.5537275745828057
156,Utilities,18,5.9405940594059405,0.13770077401512013,-0.23463043510732975,0.5537275745828057
382,Utilities,18,5.9405940594059405,0.13770077401512013,-0.23463043510732975,0.5537275745828057
372,Utilities,18,5.9405940594059405,0.13770077401512013,-0.23463043510732975,0.5537275745828057
376,Utilities,18,5.9405940594059405,0.13770077401512013,-0.23463043510732975,0.5537275745828057
182,Utilities,18,5.9405940594059405,0.13770077401512013,-0.23463043510732975,0.5537275745828057
169,Utilities,18,5.9405940594059405,0.13770077401512013,-0.23463043510732975,0.5537275745828057
344,Utilities,18,5.9405940594059405,0.13770077401512013,-0.23463043510732975,0.5537275745828057
111,Utilities,18,5.9405940594059405,0.13770077401512013,-0.23463043510732975,0.5537275745828057
409,Utilities,18,5.9405940594059405,0.13770077401512013,-0.23463043510732975,0.5537275745828057
121,Utilities,18,5.9405940594059405,0.13770077401512013,-0.23463043510732975,0.5537275745828057
418,Utilities,18,5.9405940594059405,0.13770077401512013,-0.23463043510732975,0.5537275745828057
119,Utilities,18,5.9405940594059405,0.13770077401512013,-0.23463043510732975,0.5537275745828057
150,Utilities,18,5.9405940594059405,0.13770077401512013,-0.23463043510732975,0.5537275745828057
369,Utilities,18,5.9405940594059405,0.13770077401512013,-0.23463043510732975,0.5537275745828057
180,Utilities,18,5.9405940594059405,0.13770077401512013,-0.23463043510732975,0.5537275745828057
181,Utilities,18,5.9405940594059405,0.13770077401512013,-0.23463043510732975,0.5537275745828057
98,Communication Services,17,5.6105610561056105,0.4092790235110804,-0.03455261981789166,0.7277666886075079
430,Communication Services,17,5.6105610561056105,0.4092790235110804,-0.03455261981789166,0.7277666886075079
470,Communication Services,17,5.6105610561056105,0.4092790235110804,-0.03455261981789166,0.7277666886075079
446,Communication Services,17,5.6105610561056105,0.4092790235110804,-0.03455261981789166,0.7277666886075079
445,Communication Services,17,5.6105610561056105,0.4092790235110804,-0.03455261981789166,0.7277666886075079
46,Communication Services,17,5.6105610561056105,0.4092790235110804,-0.03455261981789166,0.7277666886075079
483,Communication Services,17,5.6105610561056105,0.4092790235110804,-0.03455261981789166,0.7277666886075079
165,Communication Services,17,5.6105610561056105,0.4092790235110804,-0.03455261981789166,0.7277666886075079
361,Communication Services,17,5.6105610561056105,0.4092790235110804,-0.03455261981789166,0.7277666886075079
335,Communication Services,17,5.6105610561056105,0.4092790235110804,-0.03455261981789166,0.7277666886075079
304,Communication Services,17,5.6105610561056105,0.4092790235110804,-0.03455261981789166,0.7277666886075079
289,Communication Services,17,5.6105610561056105,0.4092790235110804,-0.03455261981789166,0.7277666886075079
20,Communication Services,17,5.6105610561056105,0.4092790235110804,-0.03455261981789166,0.7277666886075079
19,Communication Services,17,5.6105610561056105,0.4092790235110804,-0.03455261981789166,0.7277666886075079
334,Communication Services,17,5.6105610561056105,0.4092790235110804,-0.03455261981789166,0.7277666886075079
253,Communication Services,17,5.6105610561056105,0.4092790235110804,-0.03455261981789166,0.7277666886075079
202,Communication Services,17,5.6105610561056105,0.4092790235110804,-0.03455261981789166,0.7277666886075079
332,Communication Services,17,5.6105610561056105,0.4092790235110804,-0.03455261981789166,0.7277666886075079
352,Communication Services,17,5.6105610561056105,0.4092790235110804,-0.03455261981789166,0.7277666886075079
310,Communication Services,17,5.6105610561056105,0.4092790235110804,-0.03455261981789166,0.7277666886075079
203,Communication Services,17,5.6105610561056105,0.4092790235110804,-0.03455261981789166,0.7277666886075079
116,Communication Services,17,5.6105610561056105,0.4092790235110804,-0.03455261981789166,0.7277666886075079
482,Communication Services,17,5.6105610561056105,0.4092790235110804,-0.03455261981789166,0.7277666886075079
432,Communication Services,17,5.6105610561056105,0.4092790235110804,-0.03455261981789166,0.7277666886075079
10,Materials,14,4.62046204620462,0.417212053947416,0.21905775600927302,0.5714967649446719
14,Real Estate,14,4.62046204620462,0.279076826348835,-0.08972562970870243,0.5829651354742817
251,Materials,14,4.62046204620462,0.417212053947416,0.21905775600927302,0.5714967649446719
317,Real Estate,14,4.62046204620462,0.279076826348835,-0.08972562970870243,0.5829651354742817
252,Materials,14,4.62046204620462,0.417212053947416,0.21905775600927302,0.5714967649446719
295,Materials,14,4.62046204620462,0.417212053947416,0.21905775600927302,0.5714967649446719
257,Real Estate,14,4.62046204620462,0.279076826348835,-0.08972562970870243,0.5829651354742817
226,Real Estate,14,4.62046204620462,0.279076826348835,-0.08972562970870243,0.5829651354742817
491,Real Estate,14,4.62046204620462,0.279076826348835,-0.08972562970870243,0.5829651354742817
488,Real Estate,14,4.62046204620462,0.279076826348835,-0.08972562970870243,0.5829651354742817
13,Materials,14,4.62046204620462,0.417212053947416,0.21905775600927302,0.5714967649446719
273,Real Estate,14,4.62046204620462,0.279076826348835,-0.08972562970870243,0.5829651354742817
288,Materials,14,4.62046204620462,0.417212053947416,0.21905775600927302,0.5714967649446719
345,Materials,14,4.62046204620462,0.417212053947416,0.21905775600927302,0.5714967649446719
358,Materials,14,4.62046204620462,0.417212053947416,0.21905775600927302,0.5714967649446719
476,Materials,14,4.62046204620462,0.417212053947416,0.21905775600927302,0.5714967649446719
52,Materials,14,4.62046204620462,0.417212053947416,0.21905775600927302,0.5714967649446719
23,Materials,14,4.62046204620462,0.417212053947416,0.21905775600927302,0.5714967649446719
28,Real Estate,14,4.62046204620462,0.279076826348835,-0.08972562970870243,0.5829651354742817
55,Materials,14,4.62046204620462,0.417212053947416,0.21905775600927302,0.5714967649446719
127,Real Estate,14,4.62046204620462,0.279076826348835,-0.08972562970870243,0.5829651354742817
412,Real Estate,14,4.62046204620462,0.279076826348835,-0.08972562970870243,0.5829651354742817
131,Real Estate,14,4.62046204620462,0.279076826348835,-0.08972562970870243,0.5829651354742817
393,Real Estate,14,4.62046204620462,0.279076826348835,-0.08972562970870243,0.5829651354742817
406,Real Estate,14,4.62046204620462,0.279076826348835,-0.08972562970870243,0.5829651354742817
192,Real Estate,14,4.62046204620462,0.279076826348835,-0.08972562970870243,0.5829651354742817
327,Materials,14,4.62046204620462,0.417212053947416,0.21905775600927302,0.5714967649446719
333,Materials,14,4.62046204620462,0.417212053947416,0.21905775600927302,0.5714967649446719
174,Real Estate,14,4.62046204620462,0.279076826348835,-0.08972562970870243,0.5829651354742817
186,Real Estate,14,4.62046204620462,0.279076826348835,-0.08972562970870243,0.5829651354742817
205,Materials,14,4.62046204620462,0.417212053947416,0.21905775600927302,0.5714967649446719
235,Real Estate,14,4.62046204620462,0.279076826348835,-0.08972562970870243,0.5829651354742817
301,Materials,14,4.62046204620462,0.417212053947416,0.21905775600927302,0.5714967649446719
259,Real Estate,14,4.62046204620462,0.279076826348835,-0.08972562970870243,0.5829651354742817
384,Real Estate,14,4.62046204620462,0.279076826348835,-0.08972562970870243,0.5829651354742817
159,Materials,14,4.62046204620462,0.417212053947416,0.21905775600927302,0.5714967649446719
158,Materials,14,4.62046204620462,0.417212053947416,0.21905775600927302,0.5714967649446719
175,Real Estate,14,4.62046204620462,0.279076826348835,-0.08972562970870243,0.5829651354742817
177,Real Estate,14,4.62046204620462,0.279076826348835,-0.08972562970870243,0.5829651354742817
154,Materials,14,4.62046204620462,0.417212053947416,0.21905775600927302,0.5714967649446719
375,Materials,14,4.62046204620462,0.417212053947416,0.21905775600927302,0.5714967649446719
380,Real Estate,14,4.62046204620462,0.279076826348835,-0.08972562970870243,0.5829651354742817
392,Real Estate,14,4.62046204620462,0.279076826348835,-0.08972562970870243,0.5829651354742817
415,Materials,14,4.62046204620462,0.417212053947416,0.21905775600927302,0.5714967649446719
126,Materials,14,4.62046204620462,0.417212053947416,0.21905775600927302,0.5714967649446719
162,Materials,14,4.62046204620462,0.417212053947416,0.21905775600927302,0.5714967649446719
411,Materials,14,4.62046204620462,0.417212053947416,0.21905775600927302,0.5714967649446719
473,Real Estate,14,4.62046204620462,0.279076826348835,-0.08972562970870243,0.5829651354742817
51,Real Estate,14,4.62046204620462,0.279076826348835,-0.08972562970870243,0.5829651354742817
457,Real Estate,14,4.62046204620462,0.279076826348835,-0.08972562970870243,0.5829651354742817
466,Real Estate,14,4.62046204620462,0.279076826348835,-0.08972562970870243,0.5829651354742817
95,Materials,14,4.62046204620462,0.417212053947416,0.21905775600927302,0.5714967649446719
90,Real Estate,14,4.62046204620462,0.279076826348835,-0.08972562970870243,0.5829651354742817
81,Real Estate,14,4.62046204620462,0.279076826348835,-0.08972562970870243,0.5829651354742817
77,Real Estate,14,4.62046204620462,0.279076826348835,-0.08972562970870243,0.5829651354742817
147,Real Estate,14,4.62046204620462,0.279076826348835,-0.08972562970870243,0.5829651354742817
423,Materials,14,4.62046204620462,0.417212053947416,0.21905775600927302,0.5714967649446719
493,Energy,12,3.9603960396039604,0.43195334459204116,0.3741239970689979,0.48171086998560236
274,Energy,12,3.9603960396039604,0.43195334459204116,0.3741239970689979,0.48171086998560236
187,Energy,12,3.9603960396039604,0.43195334459204116,0.3741239970689979,0.48171086998560236
183,Energy,12,3.9603960396039604,0.43195334459204116,0.3741239970689979,0.48171086998560236
297,Energy,12,3.9603960396039604,0.43195334459204116,0.3741239970689979,0.48171086998560236
222,Energy,12,3.9603960396039604,0.43195334459204116,0.3741239970689979,0.48171086998560236
172,Energy,12,3.9603960396039604,0.43195334459204116,0.3741239970689979,0.48171086998560236
170,Energy,12,3.9603960396039604,0.43195334459204116,0.3741239970689979,0.48171086998560236
350,Energy,12,3.9603960396039604,0.43195334459204116,0.3741239970689979,0.48171086998560236
354,Energy,12,3.9603960396039604,0.43195334459204116,0.3741239970689979,0.48171086998560236
371,Energy,12,3.9603960396039604,0.43195334459204116,0.3741239970689979,0.48171086998560236
407,Energy,12,3.9603960396039604,0.43195334459204116,0.3741239970689979,0.48171086998560236
146,Energy,12,3.9603960396039604,0.43195334459204116,0.3741239970689979,0.48171086998560236
144,Energy,12,3.9603960396039604,0.43195334459204116,0.3741239970689979,0.48171086998560236
129,Energy,12,3.9603960396039604,0.43195334459204116,0.3741239970689979,0.48171086998560236
441,Energy,12,3.9603960396039604,0.43195334459204116,0.3741239970689979,0.48171086998560236
118,Energy,12,3.9603960396039604,0.43195334459204116,0.3741239970689979,0.48171086998560236
434,Energy,12,3.9603960396039604,0.43195334459204116,0.3741239970689979,0.48171086998560236
99,Energy,12,3.9603960396039604,0.43195334459204116,0.3741239970689979,0.48171086998560236
465,Energy,12,3.9603960396039604,0.43195334459204116,0.3741239970689979,0.48171086998560236
36,Energy,12,3.9603960396039604,0.43195334459204116,0.3741239970689979,0.48171086998560236
54,Energy,12,3.9603960396039604,0.43195334459204116,0.3741239970689979,0.48171086998560236
